{"cameraMode":{"drawMode":0,"name":"Shaded","section":"Shading Mode"},"sceneLighting":true,"audioPlay":false,"sceneViewState":{"showFog":true,"showMaterialUpdate":true,"showSkybox":true,"showFlares":true,"showImageEffects":true,"showParticleSystems":true},"in2DMode":false,"pivot":{"x":222.96397399902345,"y":17.267955780029298,"z":124.31697082519531},"rotation":{"x":-0.11662760376930237,"y":0.4778582453727722,"z":-0.06415040045976639,"w":-0.8683145642280579},"size":9.94158935546875,"orthographic":false}