{"cameraMode":{"drawMode":0,"name":"Shaded","section":"Shading Mode"},"sceneLighting":true,"audioPlay":false,"sceneViewState":{"showFog":true,"showMaterialUpdate":false,"showSkybox":true,"showFlares":true,"showImageEffects":true,"showParticleSystems":true},"in2DMode":false,"pivot":{"x":194.2790985107422,"y":36.991031646728519,"z":185.06918334960938},"rotation":{"x":-0.18758690357208253,"y":0.5325435996055603,"z":-0.12238956987857819,"w":-0.8162257671356201},"size":26.983413696289064,"orthographic":false}