{"cameraMode":{"drawMode":0,"name":"Shaded","section":"Shading Mode"},"sceneLighting":false,"audioPlay":false,"sceneViewState":{"showFog":true,"showMaterialUpdate":false,"showSkybox":true,"showFlares":true,"showImageEffects":true,"showParticleSystems":true},"in2DMode":false,"pivot":{"x":-5.201446533203125,"y":1.350351333618164,"z":-2.0443830490112306},"rotation":{"x":-0.2625769078731537,"y":0.2676389813423157,"z":-0.07607275247573853,"w":-0.9239271879196167},"size":16.81850242614746,"orthographic":false}