{"cameraMode":{"drawMode":0,"name":"Shaded","section":"Shading Mode"},"sceneLighting":false,"audioPlay":false,"sceneViewState":{"showFog":true,"showMaterialUpdate":false,"showSkybox":true,"showFlares":true,"showImageEffects":true,"showParticleSystems":true},"in2DMode":false,"pivot":{"x":222.24000549316407,"y":14.579999923706055,"z":141.49000549316407},"rotation":{"x":0.10919640958309174,"y":-0.33812060952186587,"z":0.03954443708062172,"w":0.9339094758033752},"size":2.2578837871551515,"orthographic":false}