{"cameraMode":{"drawMode":0,"name":"Shaded","section":"Shading Mode"},"sceneLighting":true,"audioPlay":false,"sceneViewState":{"showFog":true,"showMaterialUpdate":false,"showSkybox":true,"showFlares":true,"showImageEffects":true,"showParticleSystems":true},"in2DMode":false,"pivot":{"x":3.7158889770507814,"y":115.40418243408203,"z":148.74391174316407},"rotation":{"x":-0.278793603181839,"y":-0.4775543212890625,"z":0.16293929517269135,"w":-0.8171088099479675},"size":54.96247863769531,"orthographic":false}